{"cameraMode":{"drawMode":0,"name":"Shaded","section":"Shading Mode"},"sceneLighting":true,"audioPlay":false,"sceneViewState":{"showFog":true,"showMaterialUpdate":false,"showSkybox":true,"showFlares":true,"showImageEffects":true,"showParticleSystems":true},"in2DMode":false,"pivot":{"x":44.320213317871097,"y":-29.98497200012207,"z":-78.68836212158203},"rotation":{"x":0.04031829535961151,"y":0.9561853408813477,"z":-0.15862210094928742,"w":0.24282066524028779},"size":101.38326263427735,"orthographic":false}