{"cameraMode":{"drawMode":0,"name":"Shaded","section":"Shading Mode"},"sceneLighting":true,"audioPlay":false,"sceneViewState":{"showFog":true,"showMaterialUpdate":false,"showSkybox":true,"showFlares":true,"showImageEffects":true,"showParticleSystems":true},"in2DMode":false,"pivot":{"x":-24.706005096435548,"y":9.246657371520996,"z":59.67472839355469},"rotation":{"x":-0.040138404816389087,"y":-0.9230894446372986,"z":0.1003713309764862,"w":-0.3691137731075287},"size":0.3145204186439514,"orthographic":false}