{"cameraMode":{"drawMode":0,"name":"Shaded","section":"Shading Mode"},"sceneLighting":true,"audioPlay":false,"sceneViewState":{"showFog":true,"showMaterialUpdate":false,"showSkybox":true,"showFlares":true,"showImageEffects":true,"showParticleSystems":true},"in2DMode":false,"pivot":{"x":8.36268138885498,"y":-1.1817909479141236,"z":45.427371978759769},"rotation":{"x":-0.0035718490835279228,"y":-0.9880083799362183,"z":0.15266931056976319,"w":-0.023116566240787507},"size":6.314521312713623,"orthographic":false}